{
    "slot_1": {
        "player_x": 790.4000000000015,
        "player_y": 760.4000000000008,
        "room_state": 1,
        "enemies": [
            {
                "x": 940.0023133684189,
                "y": 666.0271774865296,
                "hp": 4
            },
            {
                "x": 1085.6822219156668,
                "y": 707.5815749842611,
                "hp": 5
            }
        ]
    },
    "slot_2": null,
    "slot_3": null
}